0,recordValue0updated,recordValue1,recordValue2,recordValue3,recordValue4,recordValue5,recordValue6,recordValue7,recordValue8,recordValue9
1,recordValue0,recordValue1,recordValue2,recordValue3,recordValue4,recordValue5,recordValue6,recordValue7,recordValue8,recordValue9updated
2,recordValue0,recordValue1,recordValue2,recordValue3updated,recordValue4,recordValue5,recordValue6,recordValue7,recordValue8,recordValue9
3,recordValue0,recordValue1,recordValue2,recordValue3updated,recordValue4,recordValue5,recordValue6,recordValue7,recordValue8updated,recordValue9
4,recordValue0updated,recordValue1,recordValue2,recordValue3,recordValue4,recordValue5,recordValue6,recordValue7,recordValue8,recordValue9
5,recordValue0,recordValue1,recordValue2,recordValue3,recordValue4updated,recordValue5updated,recordValue6updated,recordValue7,recordValue8,recordValue9
6,recordValue0,recordValue1updated,recordValue2,recordValue3,recordValue4updated,recordValue5,recordValue6,recordValue7,recordValue8,recordValue9
7,recordValue0,recordValue1,recordValue2,recordValue3,recordValue4,recordValue5,recordValue6,recordValue7,recordValue8,recordValue9
8,recordValue0,recordValue1,recordValue2,recordValue3,recordValue4,recordValue5updated,recordValue6,recordValue7,recordValue8,recordValue9
9,recordValue0,recordValue1,recordValue2,recordValue3,recordValue4,recordValue5,recordValue6,recordValue7,recordValue8,recordValue9
